{
  "band_construction": "sign_coherent_v1",
  "fit_season": 2023,
  "member_roots": [
    "models/transformer/v2",
    "models/transformer/v2_s43",
    "models/transformer/v2_s44"
  ],
  "per_position": {
    "QB": {
      "s_lo": 0.49878601729506045,
      "s_hi": 0.6555509865283966
    },
    "RB": {
      "s_lo": 0.646079808473587,
      "s_hi": 0.6784043610095978
    },
    "TE": {
      "s_lo": 0.8381752669774869,
      "s_hi": 0.8240254819356778
    },
    "WR": {
      "s_lo": 0.8492898642980435,
      "s_hi": 0.8098159730398038
    }
  },
  "achieved_val_tails": {
    "QB": [
      0.10105580693815988,
      0.10105580693815988
    ],
    "RB": [
      0.1,
      0.1
    ],
    "TE": [
      0.10016835016835017,
      0.10016835016835017
    ],
    "WR": [
      0.1011326860841424,
      0.10032362459546926
    ]
  },
  "created": "2026-07-21T22:57:41+00:00"
}