{
  "band_construction": "sign_coherent_v1",
  "fit_season": 2024,
  "member_roots": [
    "models/transformer/v1",
    "models/transformer/v1_s43",
    "models/transformer/v1_s44"
  ],
  "per_position": {
    "QB": {
      "s_lo": 0.46001972258090973,
      "s_hi": 0.6648925840854645
    },
    "RB": {
      "s_lo": 0.5938598215579987,
      "s_hi": 0.708795577287674
    },
    "TE": {
      "s_lo": 0.7494195401632169,
      "s_hi": 0.8040231764316559
    },
    "WR": {
      "s_lo": 0.7717438638173917,
      "s_hi": 0.8445826470815518
    }
  },
  "achieved_val_tails": {
    "QB": [
      0.10090361445783133,
      0.10090361445783133
    ],
    "RB": [
      0.10025062656641603,
      0.10025062656641603
    ],
    "TE": [
      0.10040485829959514,
      0.10040485829959514
    ],
    "WR": [
      0.1002061855670103,
      0.1002061855670103
    ]
  },
  "created": "2026-07-18T16:22:24+00:00"
}