{"seq_mean": [25.074731826782227, 0.15915720164775848, 0.08075879514217377, 2.6149425506591797, 11.275446891784668, 0.08389493823051453, 3.3639044761657715, 2.1887807846069336, 25.089885711669922, 0.15769502520561218, 0.046247221529483795, 0.098680779337883, 0.09812677651643753, 8.711068153381348, 0.5557156801223755, 0.49983668327331543, 7.876455307006836, 8.698565483093262, 0.09901659190654755], "seq_std": [78.23412322998047, 0.6013728976249695, 0.37913697957992554, 5.2747697830200195, 25.52358055114746, 0.3286856412887573, 3.4485018253326416, 2.3873143196105957, 32.55244445800781, 0.4183490574359894, 0.22269877791404724, 0.09729115664958954, 0.1916557401418686, 8.28368091583252, 0.3183327913284302, 0.5, 2.569798231124878, 4.991719722747803, 0.1422121226787567], "ctx_mean": [0.4994191825389862, 7.7890143394470215, 9.278526306152344, 33.63956069946289, 24.904253005981445, 25.272090911865234, 0.10741785913705826, 0.29002654552459717, 0.4018585979938507, 0.20069697499275208, 34.83060073852539, 0.262545645236969], "ctx_std": [0.49999961256980896, 2.4793589115142822, 5.00111722946167, 29.54067039489746, 10.553853988647461, 10.534104347229004, 0.3096437454223633, 0.4537743628025055, 0.49027374386787415, 0.40052181482315063, 5.245512008666992, 0.4400175213813782]}