{
  "band_construction": "sign_coherent_v1",
  "fit_season": 2025,
  "member_roots": [
    "models/transformer/v2",
    "models/transformer/v2_s43",
    "models/transformer/v2_s44"
  ],
  "per_position": {
    "QB": {
      "s_lo": 0.5689444243871549,
      "s_hi": 0.6449088752233365
    },
    "RB": {
      "s_lo": 0.7091298997365811,
      "s_hi": 0.7016384303533414
    },
    "TE": {
      "s_lo": 0.79773810505867,
      "s_hi": 0.8039244711399078
    },
    "WR": {
      "s_lo": 0.8335250914096832,
      "s_hi": 0.86871138215065
    }
  },
  "achieved_val_tails": {
    "QB": [
      0.10090361445783133,
      0.10090361445783133
    ],
    "RB": [
      0.1,
      0.1
    ],
    "TE": [
      0.10054559625876851,
      0.10054559625876851
    ],
    "WR": [
      0.10088070456365092,
      0.100080064051241
    ]
  },
  "created": "2026-07-21T22:58:08+00:00"
}