{
  "band_construction": "sign_coherent_v1",
  "fit_season": 2025,
  "member_roots": [
    "models/transformer/v1",
    "models/transformer/v1_s43",
    "models/transformer/v1_s44"
  ],
  "per_position": {
    "QB": {
      "s_lo": 0.6315225660800934,
      "s_hi": 0.6280736029148102
    },
    "RB": {
      "s_lo": 0.6783462464773038,
      "s_hi": 0.6925549805164337
    },
    "TE": {
      "s_lo": 0.7978428304159024,
      "s_hi": 0.785853773355484
    },
    "WR": {
      "s_lo": 0.862794429063797,
      "s_hi": 0.8205506503545621
    }
  },
  "achieved_val_tails": {
    "QB": [
      0.10090361445783133,
      0.10090361445783133
    ],
    "RB": [
      0.1001832620647526,
      0.1001832620647526
    ],
    "TE": [
      0.10069177555726365,
      0.10069177555726365
    ],
    "WR": [
      0.1,
      0.1
    ]
  },
  "created": "2026-07-18T16:22:38+00:00"
}