{"seq_mean": [25.232065200805664, 0.16055497527122498, 0.08140689134597778, 2.6026580333709717, 11.170594215393066, 0.0824267715215683, 3.378053903579712, 2.189441680908203, 25.21244239807129, 0.1589789241552353, 0.046652745455503464, 0.09864264726638794, 0.0978272557258606, 8.722272872924805, 0.5557423830032349, 0.4997638761997223, 7.879955768585205, 8.649354934692383], "seq_std": [78.66805267333984, 0.6057274341583252, 0.3811275362968445, 5.2704644203186035, 25.403718948364258, 0.325534850358963, 3.462402820587158, 2.387665271759033, 32.70233917236328, 0.4198545217514038, 0.2237234115600586, 0.0972919836640358, 0.19187216460704803, 8.29076862335205, 0.31904366612434387, 0.5000000596046448, 2.571744918823242, 4.965882778167725], "ctx_mean": [0.4994950294494629, 7.7858757972717285, 9.246736526489258, 32.311866760253906, 24.97749900817871, 25.363523483276367, 0.10742025822401047, 0.2905121147632599, 0.4017150402069092, 0.20035256445407867], "ctx_std": [0.4999997615814209, 2.473644495010376, 4.972181797027588, 28.334102630615234, 10.564119338989258, 10.565386772155762, 0.3096468150615692, 0.45399871468544006, 0.49024492502212524, 0.400264173746109]}