{"seq_mean": [24.849027633666992, 0.15704770386219025, 0.0800347551703453, 2.6202406883239746, 11.31903076171875, 0.08430251479148865, 3.3532307147979736, 2.189811944961548, 24.989871978759766, 0.1561962366104126, 0.04627788066864014, 0.09892960637807846, 0.0981411412358284, 8.68319034576416, 0.5558373928070068, 0.5000260472297668, 7.877250671386719, 8.74716567993164], "seq_std": [77.66035461425781, 0.595005989074707, 0.37660646438598633, 5.264172554016113, 25.502222061157227, 0.32905760407447815, 3.436145067214966, 2.387108087539673, 32.44759750366211, 0.4165724217891693, 0.22289541363716125, 0.09751834720373154, 0.1909959614276886, 8.257233619689941, 0.31727486848831177, 0.4999999701976776, 2.5715558528900146, 5.018319129943848], "ctx_mean": [0.4995911717414856, 7.788401126861572, 9.309221267700195, 34.86326599121094, 24.818227767944336, 25.1768741607666, 0.10787401348352432, 0.2879769802093506, 0.40342217683792114, 0.20072683691978455], "ctx_std": [0.49999988079071045, 2.47920823097229, 5.022515296936035, 30.675622940063477, 10.554916381835938, 10.57046127319336, 0.31022122502326965, 0.4528203010559082, 0.4905840754508972, 0.40054407715797424]}