{
  "band_construction": "sign_coherent_v1",
  "fit_season": 2022,
  "member_roots": [
    "models/transformer/v2",
    "models/transformer/v2_s43",
    "models/transformer/v2_s44"
  ],
  "per_position": {
    "QB": {
      "s_lo": 0.5013541281223297,
      "s_hi": 0.5515382587909698
    },
    "RB": {
      "s_lo": 0.7276187837087491,
      "s_hi": 0.6833876669406891
    },
    "TE": {
      "s_lo": 0.8125626742803433,
      "s_hi": 0.7753260433673859
    },
    "WR": {
      "s_lo": 0.8793810307943204,
      "s_hi": 0.8080843985080719
    }
  },
  "achieved_val_tails": {
    "QB": [
      0.10110584518167456,
      0.10110584518167456
    ],
    "RB": [
      0.10053222945002957,
      0.10053222945002957
    ],
    "TE": [
      0.10024855012427507,
      0.10024855012427507
    ],
    "WR": [
      0.10012568077084207,
      0.10012568077084207
    ]
  },
  "created": "2026-07-21T22:57:28+00:00"
}