{
  "band_construction": "sign_coherent_v1",
  "fit_season": 2022,
  "member_roots": [
    "models/transformer/v1",
    "models/transformer/v1_s43",
    "models/transformer/v1_s44"
  ],
  "per_position": {
    "QB": {
      "s_lo": 0.4534892588853836,
      "s_hi": 0.5888569056951383
    },
    "RB": {
      "s_lo": 0.7245088517629483,
      "s_hi": 0.7397134005987027
    },
    "TE": {
      "s_lo": 0.8269517719745636,
      "s_hi": 0.843990296121774
    },
    "WR": {
      "s_lo": 0.8594134747945645,
      "s_hi": 0.8685198128223419
    }
  },
  "achieved_val_tails": {
    "QB": [
      0.10110584518167456,
      0.10110584518167456
    ],
    "RB": [
      0.1019561351511559,
      0.1001778304682869
    ],
    "TE": [
      0.10065466448445172,
      0.10065466448445172
    ],
    "WR": [
      0.10016835016835017,
      0.10016835016835017
    ]
  },
  "created": "2026-07-18T16:21:54+00:00"
}