{
  "band_construction": "sign_coherent_v1",
  "fit_season": 2023,
  "member_roots": [
    "models/transformer/v1",
    "models/transformer/v1_s43",
    "models/transformer/v1_s44"
  ],
  "per_position": {
    "QB": {
      "s_lo": 0.6047858893834928,
      "s_hi": 0.6077705919742584
    },
    "RB": {
      "s_lo": 0.6811041533910611,
      "s_hi": 0.6754425466024259
    },
    "TE": {
      "s_lo": 0.8574825823307037,
      "s_hi": 0.8369300067388394
    },
    "WR": {
      "s_lo": 0.8691835105382779,
      "s_hi": 0.7875330746173859
    }
  },
  "achieved_val_tails": {
    "QB": [
      0.10105580693815988,
      0.10105580693815988
    ],
    "RB": [
      0.10006373486297004,
      0.10006373486297004
    ],
    "TE": [
      0.10066555740432612,
      0.10066555740432612
    ],
    "WR": [
      0.10004066693777959,
      0.10004066693777959
    ]
  },
  "created": "2026-07-18T16:22:09+00:00"
}