{"seq_mean": [24.70465087890625, 0.15595172345638275, 0.07930199801921844, 2.6266798973083496, 11.360589981079102, 0.08502499759197235, 3.3300888538360596, 2.181654453277588, 24.825881958007812, 0.15482845902442932, 0.04596256837248802, 0.09885866940021515, 0.09824454039335251, 8.650489807128906, 0.5553593635559082, 0.500058650970459, 7.875439167022705, 8.79237174987793, 0.09920725971460342], "seq_std": [77.2269287109375, 0.5916997194290161, 0.37376245856285095, 5.260387420654297, 25.49165153503418, 0.3300548791885376, 3.417403221130371, 2.3794660568237305, 32.31401443481445, 0.4143409729003906, 0.22205592691898346, 0.09754300862550735, 0.19063712656497955, 8.237855911254883, 0.31624719500541687, 0.4999999701976776, 2.5695016384124756, 5.039172649383545, 0.14414967596530914], "ctx_mean": [0.4993666708469391, 7.789290428161621, 9.331138610839844, 36.08231735229492, 24.741878509521484, 25.0331974029541, 0.10824993252754211, 0.2866249978542328, 0.403922438621521, 0.2012026160955429, 34.5555534362793, 0.2718149423599243], "ctx_std": [0.4999995827674866, 2.482314348220825, 5.0414042472839355, 31.887102127075195, 10.512696266174316, 10.521709442138672, 0.3106958270072937, 0.4521848261356354, 0.49068230390548706, 0.40089914202690125, 5.169498920440674, 0.4448949992656708]}