{
  "band_construction": "sign_coherent_v1",
  "fit_season": 2024,
  "member_roots": [
    "models/transformer/v2",
    "models/transformer/v2_s43",
    "models/transformer/v2_s44"
  ],
  "per_position": {
    "QB": {
      "s_lo": 0.4096982628107071,
      "s_hi": 0.6793177425861359
    },
    "RB": {
      "s_lo": 0.6668019592761993,
      "s_hi": 0.7019478976690152
    },
    "TE": {
      "s_lo": 0.8659872710668424,
      "s_hi": 0.810200959444046
    },
    "WR": {
      "s_lo": 0.8607089817523956,
      "s_hi": 0.838886708017526
    }
  },
  "achieved_val_tails": {
    "QB": [
      0.10090361445783133,
      0.10090361445783133
    ],
    "RB": [
      0.10024906600249066,
      0.10024906600249066
    ],
    "TE": [
      0.10057236304170074,
      0.10057236304170074
    ],
    "WR": [
      0.10012360939431397,
      0.10012360939431397
    ]
  },
  "created": "2026-07-21T22:57:56+00:00"
}